"score","reviews"
"10","  ʴ  峭 Ʈ,    ܹ  "
"10","ֱ  ȭ  ̾... ٵ ϱ 15 19 ɾߵɰͰ.."
"10","ö̶ ܾ ޵Ǵ , ټ  ڽ    ȴ."
"10"," ΰ       ȭ 帣 ٲ...  뿵ȭ"
"10","Ȳ  ڸ    ִٴ  ü ."
"9","ϰ  Ʒ ˾Ҵ.  ϵ ־."
"8","   ȭ. ȭ ϴٴ° ƴ϶     ȭ   ִ ȭ."
"8","       Ǫ ʾҾ.."
"10","  ð, ϰ,   ִ   Ƿ.  θ ˾ƺ ϰ    츮 ȸ  ִ."
"10","ڼ ߸߳פ"
"10","   -  ̿ ִ   Դϴ.  ΰ ־."
"8"," ʿغԴϴ. ûҳ ϱ ſ ̿."
"10","ǿ   ٷ ̷ ʰ.. ȹϸ ȹ ȵǴϱ"
"10","    峭 Ʈε    ٸ Դ ˱ Ǿ . ȹδ ö   츮 ȸ Ȥϰ   õ  ó ̰..."
"10"," ϸ 鳢 οϴ. 츮ȸ "
"10","ڻ   ؼ       ʴ´.      ڱ     ִ ̶ ν߰  ϵ ̶ ν߱⶧....."
"10","̴ٸ ߴµ     ̴. ù°  ̰, ι°  , °  ʹ .."
"9","ε  ھ ۰ȣ ǥ ̿ȭ θ Ƴ"
"10","  Ұ   Ҵ  ȫ,Դ    ̼  ִ,   ġְ ִ ġ .."
"10"," Ǵ  ǰ "
"10","  ʿ ó ʹ Ưϴ. ̶ ؼ İ ̶ Ŷ ߴµ ƴϾ. ֵ    õ ʴ´."
"8","츮 ȹ , ī׶ ߱⶧."
"10","ٸ       ڴ. ȭ   ť .  ȭ  ⸳ڼ ĥ  ִٴ,   ؼ  ϾⰡ µ."
"8","ܱ  ī׶  ǹ̸ ˱? 츮 ȸ  ô븦  Ƴ ȭ "
"10","  忡  ø Ÿ鼭  ü  â  . ڽ ȣ Ѽ ϰ Ű ì ߿ ٸ  ڸ  ..    Ҿ   ȭ"
"10","簡 ... ּ...ȭ ϴ μ Ź帳ϴ..."
"9","   Ⱑ ʹ Ҿ.  ڹ̵ ʹ  ︮ô .     . ó żϰ   ҽϴ. ޺κи ¦ ƽ."
"10","ϰ   ־ ƴ϶, 츮ȸ ش ʹ  ༭ 19 ؾѴ.. ȭ       ʹ ̱ "
"8","ѹα ֻ    ư鼭 ش.    Ұϴ 糭  ̼ ִ  ݰ Ǵ°... ׳  "
"10","   ְ!"
"10","ȣ  ȹ ֱ!"
"10","   ڸ ưٴ ȭ ٽε"
"10","  ö Ҹ ΰ?"
"10","Ŀ ׷ ׷Ȳ  åؿ  ڱ ڽĵ  ־ Ѵٴ   󸶳  ȷ ڱ δ ׳   ־ ۰ȣ ڲ  .."
"9","  .   . ö Ÿ  .  ."
"9","ȭ ߸ ¿ ġħ ߽ɿ   쿡 ڼ..."
"10","ȭ ڸ ʳ þҴ"
"8","׷  ȭ  ,⸦    ÿ  , ȭ  츮 Ͽ  ,   ǰ  ٽ    ö  ԰  ׵. ڵ ..."
"10","ƹ ȹ ٺ  Ѿ ȭ"
"10"," 찡 ۰ȣ          ʴ´  ׷   ű  Ⱦƾ ϴ ڵ "
"10","ȭ:  帣: ȣ"
"10","ȭٰ ȣ ͼ  ; ι  ȴ ׳ ̻ߴ ȭ ƴѵ  ̷  "
"10","  ε     ʹ ߴ."
"8","Ͽ Ҵ ν, ó  ߴ. Ͽ ̸ , ϻ̴ٺ װ     ϳ ũ  ߴ.   翬 ȭ  . װ  ..."
"10","ٴ   ϴٴ   ū г븦 Ų."
"6"," ƴ»Դ ʹ  ȭ"
"10","    ¿ ʹ. ̶  ƹ ݵ 𸣽 ȣ  ִ. װ ƴ ڽĵ鵵   ."
"10","ó, ,   Ҵ.Ҹġ..."
"10"," ִ ڸ ư ó ó   ִ Ͽ  ư   ϱ. м     Ծ ó."
"10","׷ ֿ     ϰ....̰ ȣ  ޼ϼ?"
"10","ٿϴµ ¥ ׷ϴٸ.  ׸ ī Ұ"
"10","ʹݿ  ߹ݿ  Ĺݿ "
"10","׳ մٰ ϱ⿣ ʹ ̶ ..."
"10","   . ȭ  ̾  ޸.."
"10","ī ܵ ϸ ī,    ״  "
"10","  ʹ  ̰߰ ߽ϴ. ƿ鼭  ̱⵵, ڻ̱⵵ ߾. ħ  ö 1ȣ Ÿ  °þ,     ϸ Ƴ. ״ ߰ Դ..."
"7","15ϰ ߰ڳ ̺ ټҹθϰ кֽϴ Ͻð 19 ´µ ȭ糪 մϴ"
"10","̷ ˱ 鼭 ̷ Ȥ ȭ Ͱ. ٵ ؼ Ϸ о ̾߱⸦  ִµ ķϰ Ǯʴ´. ϰ, ϰ . ó ; ȱ."
"10","  ϴ ,   ö ִ° "
"10","ȭ  ͼ ¥ı  Դµ ڱ  ...ѿ찡 "
"10","äø ׷ .. λ ָ   ̼  ̶.."
"8","ѹ Ż   غ  Ƴ  ȭ.ȹ  ʾ       ׸ װ Ĵ ̾  ӵǰ ϸ  ׸ ̰ ..."
"10","ȹ Ե ⼺ ȹ  ڽļ. ð , ϽǷ 뺯Ǵ ȸ.    ,  ̲  ִ."
"7","  ȭΰ ° ū ޾Ƽ ǹ̵ .. ó  ȭ ȸ´ е ...   ȭ"
"10","ڵ鵵 ݰ İ  η . ڵ ǿܷ ϰ ׵ ¿ ǰ . ΰ ¼  Ȥϴ."
"10","Ư ̿ϰ Ҹ '' Ѹ ⿡  ϰ ߴ ȭ,   ü ΰ   ̶ ϴ° ұ⿡..."
"10","ð   𸣰  ȭ ڸ  "
"10","˹ ġ ⿡ ɾƼ 踦 ¿ ڼҴ.    . ְ."
"10","    帣 ٲ"
"10","ᱹ 츮 ΰ  ȹ ѹ   ɵ Ƕ   ó.ḻ ׻  ʰ  å 븦 ̾ Ѱ..."
"10","̼  ׸  ,   Ȳ.  ǵ帰  óߴ.   ۰ȣ ǥ  ʴ´."
"10"," ̴...  ູغ ʴ´"
"10","θ̶   ."
"10","  ʹ ."
"10","  ȭ  ̰  ڽ   ̿.  ¿ ź ´."
"10","ȭ³ Ҽۿ׿~ְ!.ĭ  ½ϴ!"
"9"," ȥڰ  ȭ ڿ   ׷ ᱹ ΰ ̱̰   ٴ° ϴ. ٵ   ° õմϴ.   ̰  15ȭ 𸣰ڳ׿ 19..."
"10"," ʿ ȭ   ѹ ҹ ȭԴϴ. ׸   ũ Ѳ ѰͰϴ"
"10","  Ⱬ Ⱑ    汸."
"10",".. ȭ     Ŷ Ͻô.. ¥    "
"8","ξܸ ³ 󱼴ļ Դµ ߿ شس .."
"10","ݹ޾..  ʹ ż߰ ..    ƴѵ   ׵ ݹ޾.."
"6","ڵ  Ⱦ  "
"10","   ȭ"
"8","޸ ʹ ϴ.   ,  ͼ   ̴.  .    ð .  ϴϱ. ׷ 100   Ƶ ׷ ε . ..."
"10","ݹ  Դµ...ȣ ȭε   ȭ  .· ְ.   õ!!  Ѵ ¥"
"10","ŵ   Ǵߴ  ̴."
"10","ݰ    ."
"8","    ִٴ  ٸ, 濡    񰡸 ش"
"10","渮 ü  ѱȭ   "
"9","ȭ  ߸µ ûҳ ⿡  ʽϴ .."
"10","׳  ī׶!"
"10","     . ׷     ѱ ߴ ƹ ȹ ʾ ̴."
"10","ȭ   ƿԴ. ö Ÿ."
"1","     ص   ְ ص ູ Ѵ  ִ ȯ   ִ      ޴´ٰ ó  ʴ´ غ ġ ..."
"10","ǻ簰 ǻ   "
"10","Ф Ұ ʿ¿ȭ"
"10"," 츮 ȭ ڹ̵ ȭŲ  ̴.츮  °   ϱ?    ϳ   鿡 ġ ȣǥ ̼ٿȭ."
"10","ó 鼭 ٰ ڷ     "
"9","        ϴ ڵ µ   "
"10","  Ͽ!"
"9"," ߰  ڵ  Ѱ  ڵ  "
"9","2ð Ѵ Ÿ ݹ . ٵ 15 ȵ~ 19 Ǿߵſ."
"10","ȭ ʵ 鿩 Ф ڸ ʵ ..15 ѵ װͺ  ȵɰŰƿ"
"10","ûǾ ⸳ ڼ ģ   ٵ.     "
"8"," ȭ   ǵ ñϴ. ü   Ϸ ߴɱ? ǿ     ( Դ)"
"10","(۰ȣ ), ( ) Ե ⵵ ʹ ҽϴ!"
"10","  ٶ󺸸 ġ     ¸ ߷  .   . ̴. 帣 ? ƴ ȣ."
"6","׳  ѵ    "
"10","÷ ȹ 츮λ ȹ ȵȴٴ  ʹҽϴ"
"8","̰ 15 ̶? ? 츮   ˴ٰ 𸣰ڱ"
"10","ټ  ' ڻ ,     ʴ´' ȵ  ? 츮        ٰ  򺸴     ..."
"6","е 丮 źϸ  þ ᱹ ۰ȣ  (ȸ ) ̿ ȣ   ϰ ; ñϴ.   Ƶٵ ص ᱹ   ۿ  ȸ  ...."
"10"," ϵĳ κ ־.  ܸ."
"4","ϰ ϰ Ӵ.  Ϸ縦 Ĺ⿡  ȭ. پ ǰ̰   ȭΰ и....ι ٽ  ʴ"
"8"," ϴ."
"10"," ְ ȭ!! "
"1","..  19 Ѱǰ̰  15... ¥   ű"
"10","̰Դ ̿ ǵ ̴"
"8","˹   ʴ Ʈ . ö  . ȭ    ʹٴ    ġоö.  ʹ ̰ ߾. ΰ  ׳    ..."
"1","ϸ Ͽ °?    ,ο ϴ°? ϸ ȹ , »ΰ?۽ װ ȣ ΰŰ. ϷϷ    ̷ ȭ  ڱ ..."
"10","ȭ 19  µ 15ϱ. װ   Ȯմϴ."
"10","  ȣ. ȭ  ̷Ӱ ̾ ,   ̰ ߴ. ׸ .  ܿ  pretend ܾ ￡ ´.   𰡷 ư ."
"10","ûҳ ⿣    װ ̰ 춳 Ѻϰ Ҹ߸ Ϸ  ѱִ  ϰѴ θ ̶    ƴϴ"
"10","ö.  ǰ ϳ д ̾. ٱ ״  Űܳ . , , ¡, äӰ پ   Ƴ ̷ϰ , ׷鼭 øԵ īӰ  ȭ."
"10","ϰ ۰ȣ"
"9","ϱ    ȸ ."
"10","40 ȭ̾   ȭ Դ  ũū   Ȱ־. ׾  Ȳ ī̻ ۾ ȭ   ȯ   ̴. ϱⰡ ƴ ."
"6"," ϱ ʹ ..."
"10","ȭ ԰ ĥ          ʹ  װ  ְ ϴ ׷ ̿"
"10","λ  ְ ȭ.Ҹ´"
"2"," ƴ.    Ⱥ°  ʹ."
"10","ڲ   򰡿   ͸ .."
"10","ʹ: ̰ Ȳ? ߹ݺ   ̷ű ϸ鼭  ȴ.ڸ ڱ  ̷ ȭ ſ 簨   ȭ''ڵ Ǹ ǥѴ."
"10","  ""ƹ,  ȹ ϴ.""ϴ 簡 Ͽ   ϴ. ȹ   ƹ ı.  ӿ   ̷ ȹϴ . ô ʻ ϰ..."
"9","Ҹ ´   ǹ "
"10","   ⿣ ʹ ̶  ȭ."
"10","ȣ  ۰ȣ .  ̻  ʿ !"
"10"," ٸ  ִ°͵       Ѵ ε鸸 ָ þ ܸγ γ"
"10","  : ۰ȣ  ߾  õ ̰ ȴ."
"1","Ϲ ε鵵 ö     , ڶ Ÿ ڸ ϴ  ʹ 翬 ̴.    ˾ ڰ ׷ ǥ ߴٰ ̰,    Ͽ ǽľ  ..."
"9","   ʹ  ٴ  . Ҵ ȭ"
"10"," ڵ   ڵ鿡  Ƕ Ÿ α.   η.   ڵ  ڵ鿡  ̶ ٰ.  Ƴɰ .   ."
"2","鿡    ° 15 ΰ"
"10"," ٴ ٸ ó ư  ˾ ̿ ظ  ׵鿡 ٸ  "
"10","Ѿ ε,  Ѿ   ϰ Ѵ. ̰ 縳Ѱ? ȣ س."
"1","غ     . ȭȭ.  鿡   .ȭ  м ° ƶ  ǥ.濡 ° ƴ϶    ִ Ȯ ˰.ͺ  ..."
"10","ȭ   ɾ鼭   ٽ   캸 ϴ ȭ׿."
"2","θ̶   .."
"1","   ĳ ȸ Ҹ  ȭ"
"10","̿⸦ Ͻô󱸿"
"10"," ׳  ȭ  , ."
"10","    ׿ 츮  ...ʹ   ֽ  "
"10","  ̷ ȯ ."
"10","  Ըϴ.    ΰ ⿡ ӹ ΰ. װ   Ǵ ΰ"
"10","  , г Ƕϸ,  óϴ.  ʷ  ذ ξ ̴. ȭ   Ŀ      ʰ ܻ Ƽ ϴ 氰 ȭ̴...."
"10","ƹ͵   .. ͵.. .."
"8"," 15?? ʹ  Ѱ ƴѰ"
"10","ο   ´. Ұ ƹ ص  ġ  ʴ´."
"10","  شٰ ˹ٷ  ͵  CGV Ÿ̺ ͵ 𸣳  ȣ  ȭ ϰ ְ   ȭ"
"10"," Ҹ Ҿϴ. Ͽ    䳲ϴ. ̷ ︲ִ ȭ  ȣ  ʹ մϴ.  ڸ ߴ   ȭԴϴ. մϴ մϴ."
"10","찡  ̼ ϳ  Ƽ ϱ    Ʊ...    翡 ᵵ ûϴµ... ϴÿ      ."
"2","߻ ϳ ۵ ź ȭ"
"2","ó ĸ԰ ġ  ִ   ̶ Ͽ ˺θ ִ  ȭ.. ΰ ? ׵  翬ϴٰ ġϴ ... ³   ȭ...  ϴ ΰ..."
"8","  ȭ ƴѰ . "
"1","ȣ   ٸ;  ̾."
"9","ȣ ǰ    ȭ"
"2","ȸ   ׷´. ΰ , Ѿ,  ä... Ҹ  ̼   ڼ  ̴.  ؾ߸ Ƴ ȸ ƴϴ. ǰ  迡..."
"8","ȭ ͼ ϴ° Ͻôºе̶ Ϸ  ص  ȭԴϴ.  ⺸° Ͻô ̶  ǰſ. ̶   ︮ 丮 ϴٸ   ñ ..."
"10"," 鵵 ī׶  ˱!  ȣ Ƴ...."
"1","̼ڿ Ų ϴ  "
"1","ϰ  ȭ..Ǹ ȭ ⿣     ڽ ޽  ԽŰ  ִ..  ڿ ϴ."
"10","  ʹ ߴ.   ֱ  غ.  ö ̸鼭  ü ƿ  ڽŶ ƴϾ?  Ƶ  ȭ ׷ ޲ٰ η  ڽŶ ƴϾ..."
"10","....׼   ?"
"10","  Ҹ ϰ  .   ſϱ⿣ ׵ ó  ʹ ϴ."
"8","ڿ ڿ   ǳڱ.    ȭ ƴ϶ Ѵ. ΰ  ̵ ܵ ΰ عٴڱ ģ   źҼۿ."
"10","׷ ȹ   ȭ"
"10","ٸ  俪 ٸ Ѱ  ̾ . ݰ  ص ڲ س   ر ׿~  ݰ   ϴ ȭ  ǹ ־ϴ."
"10"," гۿȭ."
"8","ٵ̰Կ15?19ɾߵ"
"8","̰ 19ɾϴ°Ű Ȯ 15¾ƴѰŰ"
"6","ȭ    ϴ    .  հ  żϱ  ѵ    ʰ      .  ΰ    ǥ ʹ  ϰ,  ش̶  ߴ."
"10"," ó  ڿ    ǵ Ӱ ¥ ¥ ϸ鼭  ̶?׳ ƴٶ ۿ ȳ´. .ƴ ¥ .."
"1","15   ȵǴ ȭ. ʿ 弳 ⺻̰ ο  Դٰ ...   д."
"9","cj  ø  15 ߱..̰ 19 ɾߵ..ٵ ȭ ó Ե ..׷ 9"
"6"," ɿϰ մ. ٵ   ΰ  ǹ ȿ    ׳  ϸ  ʴ´ٰ ϰ, ΰ ʹ ذ   ذ͵  δ  ..."
"1"," ϴµ ̰  ȹ޾ κ   ȭ   ѱ ȭ   ̷ ϰ ϰ ͸̰ ̵  ϸ鼭   е ȳ    ..."
"10","׵       ٸ ׵ 񳻸    ġ ڽŵ ġ ٽ ǵư"
"8","  ϰ,   ǳ 'ȹ'  ǰ ư 츮. 귯  Ѿ Ʒθ 帣µ ó    ?  ޸ ﰨ ̴°..."
"10","  ȭ....  帣 ȣ  ̴"
"1","19 ø ûҳ ϱ⿡ ϴ"
"10"," ǿ ..."
"8","ȭ    ΰ . ̺ٴ  "
"10","  ûȸ ȭ fµ?Lg÷  ûȸߴµ ˹Ÿ "
"1","ϰ ߻   ִ  @ ĳ,  ̻  ϵ ƴ ȭȭٺ  ü   ϸ鼭 Ե. ⼭     ټ ..."
"10","ȭ Ǹմϴ.   е ߿  ʵб г ڳ   θ  ̴µ, ĭ ̶  ׷° 𸣰  ̵ ⿣    ..."
"10","еִ ȭ!    ϼ !      !"
"8"," ȭ     γ شٰ ؾߵǳ...  ִ 鿡 Ҽ"
"8","ʰ հ  þ15 ƴѵ ߰ ڳ ִ° Ͻ.."
"10"," ..  ̷ȭ ̴.  ȭ..׵  µ... åϳ   ...Ư  Ƶ  ĳͰ  ~"
"9"," ĭ    ذ Ǵ ȭ. ۳    ޽ Ƽ  ϴ. ȣ  ĥ ִ ȣ  Ÿ̶ Ҽ .   Ư ..."
"1","̰ ޻ȸ  ݿ ȭ?      ִ Ȳ ϰ  ϰ    ϰ Ѹ ì , ׸ ᱹ ƹ ߸    ıع   ..."
"1","ȭ    ó"
"2","15 ϰ ȭ ƴϴ"
"4","15ȭġ ʹ   ȵ  ..Įθ, ȭ"
"10","  ü...ʹݿ  Ǯ ǿ ָħ."
"10","  ޾Ҵ   ִ¿ȭ.     ȭ ƴѵմϴ."
"10","ȭ  ߴ ȭ 15  ³ ͱ⵵ ѵ ׷ٰ û  ƴϰ..."
"1","ĭ    ؼ ѱ 99ۼƮ(ڱ ߴٰ ġ 100ۼƮ) ñâ   ȣ ǵ,  չ޾Ƴ  ǹ̸ ð ǳ׿䡱鼭  10 ..."
"10","ģ鿡 õϰ   ȭ.     ȭ ƴϴ. 븦 ʹ ϰ  뿡  ĥ ߴµ,  ̻  ޾Ұ,, ¥ ʹ  Ҵ. ׸  Ѹ Ѹ ..."
"10"," ȭ... 19 ̿ҵ"
"8","̰ 19 ؾ ʳ  ¦ ׿.."
"10","  ̷  ,,,"
"10"," λ̷ȭ ÷ε"
"9"," ۿȭ    ִ"
"2"," ٰ ϰ Ѹ   ߽ϴ.  ʿմϴ. , л ⿣ κΰ  մϴ."
"1","̰  մٰ ? ׳ гڴ ̼ڶ Ųϰ;;"
"6","ֵ    ȭԴϴ"
"1","ȭ ְ ְ  а  1 ְ."
"9"," ٸ  ٸ ˰ԵǾ"
"10"," ̷ ⸦ ϴ ׿. ܸ   ˾Ҵµ ȭ 鼭  ¿  ϴ."
"1","  ?   ó ȭ?"
"1","  ȣ  ־ ż ϻ"
"7","ū  ȭڰ, ̵  忡   ~^^"
"1"," 𸣴°͵  ϰֳ׿"
"9","  ôµ ߹ݺα  鼭 ų ϴٰ Ĺݺο   ϴٰ   ϸ鼭  ̱ ԵǴ?ư   ƾ߰ڴ    ȭ   ..."
"6","19  ϼ"
"6"," ¥ ʿغ"
"10","̽  ʹ  ߷ ְ"
"1","޴   а  ̴..  ȭ ƴ  ̴µ. Ư  ΰ  Ͱ ſ ߴ.. ƹ źڶص Ͽ ƿ¼ ʹ .   10 ..."
"10"," ..  Ӹӿ  Ϸ簡 ǰϴ.. ȭ..  ڸ ϴ;;;"
"10","ĭ   վ "
"8","  Դµ   𸣰ڴ   ȭ     ´ ݱ ޸  ϰ   ʴ  ϴ  ̿ ĭ? аǱ?ʹ  ſ ϱ..."
"1"," ٴ ۿ..   ʿϰ ̼ڿ Ų ׷  ʿ? ϴ."
"10","ȭ  2ð° ƹ . ׸ŭ ̾ װ  帣 ̹ 츮 ȸ ٶ󺸴 ͺ  ư ̴"
"1","      "
"1","ó  ڷ    и  ȭ"
"10"," ʿ...."
"10","ġ   ȭ  Ƿ Ƶ"
"8"," ׵ ߸𸣰 ؼ ̾  ĳ Ϻϰ ȭ.  ܸ ϳ  ž . ۰ȣ  ܸ a ź. ֿ,ڼҴ㿪 ڱ⿪  ȭ. ̻!"
"9","  ÷ּ ϰ, ȭ 󸻸  ϸ鼭 Ե ְ    忡  ϸ鼭, ߿ θſ  ʴ ڽĵ 鼭 ڽ  ٽ ݼ ϰԵǾ."
"1","  ޾Ҵٰ ׳   ߸.   ޾Ҵµ."
"10","  Ǵ ŵô."
"1","ɾƼ  ϴ ̾. ʹ ϰ ̿."
"10"," 鼭 νð ߾     ȹ   Ϻ  Ҿ ѱȭ  Դϴ"
"6"," ̶ 򰡹 ȭ ϱ⿡   Ѱ..."
"8","   ."
"1","ô~ϰ~15 ڳ   Ȳ~ư гۿȭ;;"
"10"," ٴ, Ϸ, Ϸ"
"6","15 ƴѰͰٴ  ¿ȭ.. ֵ鵥 ° ƴϵǿ~"
"2","    ° 19 ƴѰǰ?? 15̶ ǿ ϴ"
"1","³ ϰ  "
"1","ʹ  αε ?"
"10","ϰ ۺ! ڤ"
"10"," ׾ Դ ȣ  ʸ׷ǰ ϴ ȭ"
"3","   ø ȵʤ"
"10","ְ!!!! ,,"
"10","Ϸ Ե Դϴ.  ڻ ߴ ''  츮 Ϲ ϴ ų ƴ϶, ڽź  ٰ Ǵ Ǵ  ڽŰ ¸Դ  ϴ ſ..."
"1","ٴ  ܿ   "
"10","̿  "
"10","ܸ̾ ûϳ!! ̸ ۰ȣ ٸ鵵 ¾û. ֿ ٽúԵɵ"
"10","˱ ϴ  Ѳ   ɾ 踦 ã ǿ ڼҴ ǥ   "
"6","19εϼ"
"7","ѱ   鿬.  ʿ ̴- ʹ  ¡ ǹ̵. ..  ̽ ٰԾ  ޾Ҵٰ ϴ  ٸ Ư Ŷ ũ ߳...̴ ־µ ..."
"1"," ʿҵ,       ȭ"
"1","޿  ƴ϶   ¥ ĳ ;   ι   ȭ"
"8"," ʿմϴ.15 , , ణ 19,   ڱԴϴ"
"10"," ôµ Ϸ ȭ."
"2","׳     ȭε,  ΰ   ϱ .  ϳϳ  ν Ϸߴµ,..׳ ȭ    ̶ ̶ űϰԵ ϳ ʾҴ..."
"1","   ȭ "
"8","̰ 19. Ƶ Ŭ"
"10","ȭ  ׸   ƹ ϰ .."
"1","츮  ĭ ȣް ޾Ҵϸ  ϰ ± ̷  ٵ     ̳ ֳ;; װžƳ? õ庸 ĭ ̾߱ 7뿴µ ĭ ̾߱⳪ڸ  ϸġڰ ̶..."
"2"," ʰ   ̷    ׷ Ⱦ. δ ڵ  ׷  ̴. ص  ϸ ູϰ    . ׷  ȭ ΰ̾. ..."
"7","ľ ȳ־  ְ Ʈ ־"
"2"," 巯 ǿŸ ȭ"
"6","ȣ ǽ ܶ  ȭ. α׸ θ  ݼ   ϰ ȭϸ  ȭ."
"10","8 󿵿Ϸϴ. ڼ  °  ɷ¹̴.ٽ   ߰ڴ"
"2"," а?  ߾̳  ϰ ôµ ̰ ʹ"
"10","¥ 㼼 ƴϰ   µ ̷ ' ' ó  .  ڸ  ־   ϴ.."
"10"," Ͻʴϴ.  ó ."
"2","     ׷. ǥؾ "
"10","÷ ٰ ߰  ..  κе ־..    ϰ Ѵ~ û  ȭ ƴ. ȣ Ⱑ ɼɶϰ ~ ۷ Ϸñ"
"1","  ѱ ȭ"
"1","Ȳ , ȣ ׷ ׷  ׳ ׷... ǳ, Ʈ?    ȭ ġ Ѿ."
"1"," аô . ׷𶧹 1ش"
"10","Ϸ Ե Դϴ.  ⿵ȭ κп ε ڸ  ۰ȣ  Ŭ    ǥ   "
"6","19̻  ؾҵ θ̶ µ ܤ"
"10","   ʴ ȸ."
"2","̰   .. Ѿ˹ٻΰ"
"1"," ̷ ¥ 巯 ȭ ! ü ˹ٵ 󸶳 Ǯ淡 ̰ հ ٰ ġ°ų??   ð ̰  ȭΰž??"
"2","г ȭ... ¿ȭ"
"2","ѱȭ ڱΰ  °ǰ"
"1"," ȭ ߿ ־̴  ڵ ..ʹ ΰ̿  ȵǾ"
"8","  ôµ  İ ʹٴ  ̾߱⿡   Ҿ. ûҳ   ʿ  δ."
"10","ȭ      ɾִ ̿.      ׵鿡 ߴ ϱ.Ե ϰ   ǰ."
"10","  ȭ...  ¡̾"
"10","Ϸ Ե Դϴ.   ڻ װ ǻ ˷ Ͱƿ԰ ýϴ"
"1","ִ  𸣰ڴ .."
"2"," ĭ Ȳ  ǰ ³?ó ۰ȣ ̼ Ļ   Ǹ丮 ʹ ϰ   ֽźе  Ȳ ̴ ȭ  Ʋ  ذ ƴѰ   ..."
"10","ϰ    "
"1","ο ̾ƴ ϰ  "
"10","ѱȭ ̷  尨 õ庸  óε. ٵ  ʹ Ѵ."
"10","鼭 ôµ...   .. 츮   Ҹǰΰɱ..?"
"2","̰Կ15..."
"10"," ĭ  ޾Ҵ ϱ ˰ڴ"
"1","..  ȭ ⿴"
"10","ȭ   Ա ѵ ̰ ĭ? ̶   ð 带   ´. 츮 ̼ϼ ְ 츮 ۰ȣϼ ִٴ  .   ̴̾߱"
"10","131ΰ ϱ԰ ¼  Ը ¼ "
"1","19 ɾߵɵ... θ    ƴ  ϰ  ߴ"
"6"," οϴ.."
"6","... ʹ ѵ..."
"1","ϴ  .."
"10","ȭ ö Ÿ  µ... ..."
"6",".  Ż  ǰΰ...?."
"10","ó ȣӿ ٰ Ĺݿ  ȳµ ¿ȭ"
"10"," 츮  Ƴ鼭 ִ ̴ٸ Ŭ ǰ"
"8","  ȭ ſ մٸ ѱ̶   ̶ Ѵ.  ȭ   е 忡 ߸  ͸  ߴµ. '   ϴ    ʴ  ..."
"1","  ұϰ ޵ 15 ƴ 19 ž ϰ 뿡  κ ִ."
"6"," 뺸  ʳ׿."
"10","׼ǵ  ƴ 130¥ ȭ ó   ƴ  ڹ̵ 尨 ϰ    ´."
"8","Ϸ Ե Դϴ.  غ ̴ ٸ鵵   ٴ ָ ݹ Ʈ  ɷ ִ ִ ֿ ¥. ̷ 鵵   פ"
"2"," гۿȭ׿.   ġ.."
"1"," ڰ ̰  ."
"7","׳ ȣ ȭ. ĭ ߴٰ  Ǹ  ƴ ..."
"10"," ּ ܸ ū Ҹ  ȭ ԰  ׿"
"6"," ߴµ ̻ ƴϾ"
"10","ڹڽ   ູߴ."
"2","ΰ̶   ִ   μ   .  ̷  ظ ָ  ȭ ư  ˾   Ĺ  鼭  Ѹ Ҵ."
"8","15 ٴ    鼭 嵵 ǰ վ~"
"6"," ƺ ....θ״  ˾Ѿ "
"10"," ȭ ࿡ ũ Ѵٸ Ȳ󶧹 ƴ϶ ׳ ʹ վ"
"10","ִµ     ߴ"
"1","麼  ¿ȭ"
"6"," ״...ʹ븹߳,,"
"6","ұ   ´.   ̹   ȭ ƴ ...    ϱ Ⱦ ..."
"10","â̴   ǰ."
"1","ȭ ׷  ,   ԰ .... а ±~ ϱ ϵ鵵 ĭ   ݾ?"
"10","⸦ ʹѴ Ư ̼. ġ ⸦ϴ  ۰ȣ ⸦ ġ ̶"
"1","   ִ¿ȭ"
"1"," ־ ̰ , װ    ־ ̴  "
"2","15  ޿ ."
"6","   ûҳ ⿣  ׷ɱ ٸ  Ⱦ е  Ǹ Ư  "
"6"," ׵鿡   ٸ °? ɼ ־ ׵  ߷ Ⱦ ƴѰ?   ƴ δ  ڸ ϰ ϴ .  ٸ ׷ ڵ鿡  ..."
"7","ٴ   ϴٴ   ū г븦 Ų."
"8"," ũ ö󰥶  ó ԰  ..."
"10"," ȣ¸  ۿΰ Ӵϰ      ߴٱ׸ δ  ̾"
"7","   ӿ ư ˰ ݵǾϴ° ƴϰ ȭ ɼ.׷   ǥѰͿ    ȭ ƴϴ.    ̶ ΰ  ..."
"2","̰ ٱ  г ȭ.  ΰ Բ° õ.  ٿ޾Ƽ .."
"1","οϴ  ̵  浵 "
"10","Ƽϰ    ƴ϶ Ҵ."
"10","ϴ ȭ մ. ó  ð 𸣰  ٵ Ϸ  ϴ  ʴ  ΰ Ƽ̤"
"8","̷   ϴ ȭ ִ°?"
"2","ǵϴ¹ٰ ü? , ð Ʊ"
"10"," ϰ;   ȭĭ  ȭؼ Ϲ̺  ˾Ҵµ  󿡰  ķƴ."
"3","̳ 帧ƶ  19̻ Դϴ~"
"1"," Դϴ....  ʿҰͰƿ...."
"1","ȭ  簡   ִµ ̷ο  ƴ ϰ   .   ְ ̷   Ǿ ȸ."
"1","ذ  Ȳ  ȣǥ Ƕ ȭ ϳ"
"7","̶ "
"2","ڹ̵ Ѱ.  ȭ    ϰ  ߴٴ  , ̰ ?  ׷?    ?  ׷ݾ? ϰ  ȭ."
"1"," ̰ ȭΰ Ͱ, ̷ ȭ  ۾ٴ  ü  ô밡   ִ° ; Żϴ.    ĢĢϰ  ϴ.    ε   ̰  ȭ ..."
"10","ī ܵ ϸ ī  ״   ~"
"10","Ȳ   ߱.   ȭ. ݰ Ƹٿ  Ը    ȭ."
"10","Եó׸Ÿ 2019.6.1. 1235. I 9Ŀ  ȭ   ֽ߰ п ģ 絵  ؼ ϱ ׿. ü  ΰ. ȥ  ʴϱ? ȴ..."
"9"," ⸦ ߴ ڲ  ٵ ⸦ ϱ"
"10","    "
"1","丮 ¥ ΰ  ϻ̸ ڼ Ű ü   𸣰 15 ɰ 19ݾ  ϰ  ü   𸣰ڰ  ȸ  ִ ȭ׿^^   ..."
"1","¥ ƴѵ...̤"
"1","̰ Ȳ̶..? õ Ʊ..."
"10","ʹ ؿ... 19 ÷ ҰͰƿ...."
"1","鼭 ̷  ó ܺϴ. ȭ 뿡  ˷ְ ϴ ȣ     ˾ٵ.  ε ڷγ ̷  ۵  ִµ  ɾƼ ȣȣ ¥ı ..."
"1","ڷγ ù ڰ ߻ , ûʹ뿡 ɰ  ¥ı     ־.  ÷ ǿ ϼǴ ."
"2",".  Ӿҳ׿. Ȳ   ǹ.  µ   Ͱ ǰ ̺̲׿"
"8"," ̱ؼ ״..."
"6","뺸 ο  Ȱ "
"2","ͼ  Ҿ ϴ.  ׿ ο ̾߱   ̵ Ⱥ ھ׳    Ծ ׿.ȭ  λ    ϴ. ..."
"1"," ̿ ڰ ڸ Ű"
"1","谨 ִ ȭ"
"1","ȭ   ..     ó  ȭ. , 丸   ȭ ð ,     ݰ Ǵ ȭ.   ȭ ູ ã  Դ ..."
"8","Ϸ Ե Դϴ.   ò   ȭ   ִٺ ̰ ݰŹ.  ƿ  ôٸ 9 ʹ. ڹڽ  ǰ  å,     ԰ ̿ص ȴٴ å  ..."
"1","̷   ȭ  αⰡ ?"
"1","  ָ鼭  ¼  ̾  ȭ.  .."
"10","ڼ ߸ó"
"1","ȭ Ƿ ̲  . 뱸  Ȯ  뱸Ͻù дп ¿  ..   Ÿ     ϴ ..   ںν Ⱑ  ȴ..."
"1","ȣ  ¥ õΰ     ΰ Ƿ  ̲μ ȭ  ߴٴ ̴ϴ.  ȣ   ȹ ־ϴ."
"10"," ȭ  ȭ ó    ..."
"1"," õ  ׾ ȳ± "
"10","  ȭٿ ȭ. ѱ ǰ̶° ̴"
"1","찡  Ҵ ϴ ˹ɾ־   ̼ ٰ ߴ.ѹα  â  ε η    üϸ ȣȣ  ׸ ׵..."
"1"," ô޸ , ȣȣ ¥ı Ƽϴ , ׿   ȭ.. װ ߱ϴ  ٸ ʾ?"
"3","Ͽ ÿ ӾƼ ô.  ǵ     ߴ"
"4","ȭ 鼭 ϱ ó̾׿  ̰  15  𸣰ڳ׿ ¥ û ޾Ƶ ڸ "
"10","Ϸ Ե Դϴ.  ϽǷ   Ҹġ±  ǥҼ "
"1","ȭ ߴ    ɰ Բ  ֽô. ÷ 10 ȴµ  ڷγ  Ȯƴµ   ʹ Ǹؼ 1 帮 ϴ."
"7","  Ϲ  ⿣ ټ    ֽϴ."
"1"," ñ ûʹ뿡   ʱ  ڽϸ  ȭ"
"1","o̴¥Ѥ ȭаƴϴϱ"
"6"," ..׷  ʾҾѤ"
"1","ϰ ϰ ص ȣ  ̶  .."
"1"," ǽ ˰ڴµ ........    Ͻ..."
"1"," ѱ  ̽ Ǿ  ~ ϸ鼭  ⸦ 󰡴 ܼ μ..  ̰ ̰ ̰ ֳ ?"
"1","õ   ¡ϰ  .  ׸ض. ٸ ȭ鿡Ե ڸ  . ϵ ȭ̰ ȭ̶ ʹ  ƴϳ. cj ."
"1","ߴµ  Ǹ.    쿬   . ߴµ  ִ  ǫ ֹ"
"2","ູ  θ ϰ  ȭ  Ϸµ. ȭ³ θ ġģ  ܿ. ٸ    ? ٻۼ.  ȿ  ؿ´ ູ ãƼ   ɰ..."
"8"," ϰϴ ȭ..ٵ 15¾ƴѰͰ"
"1","ȣ  ̵ ȭ ? ĳ;."
"1","ٵ а̿ ߴ. ӱݴ Źٰ ϴ° 츮.130++ȣ ö ˲ ϰͺ ڱ Ͽ Ȼٰ ߾ϰ ִ°Ŵ."
"1","׳ ׷.. ʹ ޼   κе ;;"
"1","ü ʹ.. ϴ  ûҳ Ұ...ڳ ѻ̳ ϱ  Ȱ.."
"2","ϰ  ¥ϴ Ф"
"4"," Ÿ ƴ..   縦  ͵ ƴϾ,    ߱ϴ   ƴϰ.. ޼ ַ  ˰.. ..?"
"10","ö󰡴   ۿ  簡 ִ"
"1","  ȣ罺 ñȿ  ¥ı ĸԴ Ǹ .... ΰ  ȭ ƴ. īƮ  Թ.  ׾  ɸ õ      .  ..."
"1","̷ȭ  ⸳ڼ..  İ° ..  ƹ ʰ л  ϴ°͵.,..  ̰ 15 ֵ鿡  ϰڴ"
"1",".  ۿ   ׿"
"1","   ϵ ٵ    ׿ "
"9","  .."
"8","ϰ µ ö  ̰   ȭ..."
"2"," ̷ȭ ֵض .."
"1","  ʹ  ᱹ ϰ ϴ ޽  𸣰ڴ. ׳ ڹ̵   ڹ̵"
"1","ó Ҵ.̵ ְ,ٵ  ׷ ׿߳?ȭ     ȭ      ϴ  ׷...   ִ  ׳ ׷ ϴ ˾Ҵ.  ..."
"1"," ȣ   ڽ ϰ ߴ µ  ûʹ뿡  ¥ı Ծ Ӱ ̶ִ° ˰ ?  ׷ ʴٸ ̷ ȭ 鳯  ҿ,  ˱..."
"1"," ̸   ȭ ǰ ."
"1","ٽô  ȭ"
"1","׳  . ޾   װ ؼ ǥϷ ʹ ...̷ ѱ ȭ Ⱥ ơ"
"1","ѹα ̻ 游  ó 迡 ˸ ⰰ ȭ..˶   Űǰ   ̳"
"1"," ʹ 򰡵ǰ ִٴ° ."
"10","Ϸ Ե Դϴ.  ⿵ȭ ü  ḻ  츮    ḻ ƴ϶  ˰ ִ.     ٰ´.   ᱹ Ƽ   Ƽ ˰ ֱ ..."
"3","   . . . ???"
"1","1 Ʊ.  ͼ   ȭϴ.  ð ʹ Ʊ."
"1","־.  鰳  Դ±,  ڲ ΰ  ȭ ̷ ׷غ̴ ǰ °ǰ. 󿵽ð   尨 ҾȰ ɵ  ޼ ˰ ʴ. ׳ ̾..."
"1","   ȭ  ʿغ̴ ȭԴϴ. 15  ޾Ҵ ǹԴϴ."
"10","Ϸ Ե Դϴ.  簳ϰ ԵǾ׿!  ȭ ũ ٸ¼ε   ̳ʹ̳ ѵȸϾϴ...Ư   ڸ¸  ۰ȣ ǥ ְ׿"
"1","   ° ϳ  ȭ"
"2"," ſ ñմϴ. Ѱ  μ ٰ и ϰ ƿӳ׿."
"1","ε   ڷζ19  ϴµ  Ҷΰ  °ǰ ƴϸ  ǰ"
"1","̽ñ ̶ ¥ıĸԴ  ȣ  » ڶġ"
"1","¥  ¼פ ټ"
"1","Ȳ ̰  ׳   丮"
"1","¥  и ۿȭ"
"1","ִ  ̱̱  Ǵ  ڷ ׸ ݸ,     ó ¾   븮  ߴ. ̷    νŰ ִ. ĭ ̸ ..."
"1"," ĺ   ̻ؿ. ϰ ϰ..  ޼ ϰߴ ˰ڴٸ ְ    ׿.."
"1","ٸ ĭȭ  ƴϸ ?ϴ¿ȭ׸  õְ  ȭ"
"1","Ȳ󶧹 ñ  ٸ  õְ  ʳ׿... ʹ  ȭԴϴ. гۿȭ...."
"1","ؼ     ϰ ϰ սؼ ĥ ̳ ϴϱ Ͽ "
"1"," ںκΰ  鿡   ؼ ׷ ǽĿ ¿ ׿  ذ ȵȴ ݴ ļ     ȭ Ǵ°   1 Ʊ"
"1","̰  15...  ̰ ٤޾Ҵٰ Ưִ°ǰ ̷ ȭ ص Ա׷  ¼ ϴ ۿ ȵ"
"1","ȭ ʹݿ  żߴµ ڷ  ġ ȭ.   Ұ öе    ̴."
"1","ϸҹǰ ڰѰ ̸Ƽ°ǰ?ϸ ˸ۿٴ°ǰ?  ϰ   ~"
"1","  ûʹ ư  "
"4","õ   ° ġ  ȭ "
"1"," ־ ȭ ̰ź ȭȭĳ.."
"1","ϱϱϱϱϱ"
"9"," Ϸ  ϰ   ħ  Ϸ  .,"
"2","ȭ   ߴ. ڿ  ̷Ͷ Ѱ ƴ϶    ̷ ǥѰ... ̰    ȭ ذ ȵǼ ߴ.  ϸ ҵ"
"6","  ӹ ȭ"
"7","뼼     ó ô. ؼ    ־..    ʰ е  ."
"5","ٵ ־̰  µ  念ȭε"
"1","븸 ī׶ 縦 ν ʹ  ٽ ø ͸ ص      ͵ ڶ ׵鿡  ˸  ϴ  ٴ  ϴ .   ؼ..."
"7","۽   ǰ 𸣰ڳ׿  Ư  µ ߰ ￡   .. ̷Ŵ Ÿ ְ.. ʹ ߳ ׿"
"6","  ʹ 1ð ׳ µĹ 1ð 𸣰   ߽ϴ..  ϰ ϱ⵵ ϰ..   Դ ȸ´ ȭ׿.."
"1","غ   ׸  ʻȭ. 뿡    Ӹӿ   . ""ѱȭ"""
"1","ȭθƮ 谢 ȭڵ鲲 ϰ ͳ׿ ̾  ~~"
"1"," ġ ϰ մϴ. Ф ȭ 鼭  ʹ ̻ϰ ǳ׿"
"1"," ũ  ȭ ں ȭ   ȭ"
"1","ܶ  ܿ  ö ıǰ  װ ̵    ó Ծ.    ׿  ڿ  .    ׵ ٷ The Good   ..."
"1","氡   Ȱ.  ϸ鼭  ϰ ⸸ ġ ٴϰ .  ΰ. ᱹ   ֱ ĸ   ȭ.  ̻  ϵ ƴ."
"1","19 ɾ õ  15سѤ"
"1","   ȭ."
"1"," ѹα  ȭ   ü ̼: ḻ  ȭó  ̷"
"1"," ̾. ̰ ȭΰ?"
"1",".. .. .. .. .. .. .. .. .. .. .. .. .. .. .. .. .. .. .. .. .. .. .. .. .. .. .. .."
"1","  ȭ. ְ ϴ ǵ  ˰ ȭ  ǥ ʹ ش̰ ̶  ʹ ʴ´.   и  ȭ ϳ ķ ̾. ٸ   ..."
"1","ȭ  ε  ..  Դ 鿡     ٴ    ׾ 翡  ϴ  ܰ ȭ."
"1"," ͺ   ġ ߽ϴ  "
"1"," ٵ ۾˹ΰ? ȭ 1п ʰ ö"
"2","̶ ôµ,,, ߴ̰ 15̶,,,~~θ  ׷ ڼ  ʿ䰡 ??׸,, Ӹ    ʿ¥  ٳԴ!!!! л   ̳..."
"10","ȭ ź.... Ͼ"
"1","ϴ. ü ü  ϴ ȭ.  ߵ  ü ο ϴ ȭ."
"6"," ȭ Ȳ  ޱ   Ȳ  ̰ ǹ !  ߾      ̰  Ž彺  䰡 ׿!  .."
"6",".ٵ 1   Եƴµ  ڽ   ȾѴٴ   Į ذ Ȱ. ڵ鵵 ڰ Ǵ   ִٴ°   .  Į ..."
"1","ȸ 뱸"
"1","ΰ  ϸ ڱ ٱ  ȭ. ׷ ؿ   谨 ´.   ξ   ȭ."
"1","гڰ ôµ ٽ Ҽ г. ̰ ް 1 "
"1","  JTBC  PPLǾϴ 𸣰ڰ ƹͱ ѱ̶  ڶؾ  ȭ  𸣰ڴ.. ߰߰  ȵǰ  κе ..   7.5 ..."
"4","   ޾Ҵ  ü Ұ ȭ.  ϰ,  .  ΰ ڱ   󱼷 ÿ ãƿ   ȭ ȴ.  ⸸ ϴ ϱ ¦ ..."
"2","̰  ȭ... ȣ ̰  ǰȭ..."
"2","ߴ ŵÿ ȭ µ л  ׷ ¥ ϻ ?  ƹ ׷  ϴ ׵ ü ׷ ̴.  ⵵ ƴϰ   ƴѵ ġ ..."
"1","OOO  ZƱ "
"1","鼭   Ʊٰ "
"1","ǽ ˰  ȵ  ȭ"
"1","      µ ⿩ ȭ ƴұ...      ¡ Ǿ ȵȴٰ Ѵ.  ޽  ϴ  ش    ..."
"1","Ƿ ˲  ƴ .   ü.  ^^"
"1","  ۰ȣ   ߸Ѱ ƴϳ? ̰     ϱ⿡ ۰ȣ    ʹ ū?  ȭ ³ ߴ."
"2","޾Ҵٰ ؼ ׷  ȭ ˾Ҵµ ȥڰ  ׷  Ф"
"1","ܿ ΰ ܿ  Ŭ "
"1","ϴٴ  ϳ ó    ϰ ȴٰ?׳  ε? 찡  հ   ϰ   ƴ."
"1","츮 ȭ   Į 10  ұ?"
"1","ϱ  ׿ ϴٰ   ƴѵ..."
"1"," ϰ ߴµȸ  ߽ϴ.ݱ ȭ Ǹϱó̳.ε   ڵ鿡 Ͽ  ư .... Ӹӿ  . ̶ ȭ  ...."
"1"," Ϳɸ Ͱ ڿɸ ڰ̴ Ȳ ϻ̰, ׳ ٳ̴ ."
"1"," °  ȭ. ź ȭ.  ޾Ҵٰ,   ϴ   ~"
"1","ѱ ̽Ÿ   ڿ մ ִ.  ΰ   ݽִ ൿ ,ϸ ԰ִµ.. ڱ  Ѳ ٸ . ""   !!  ....."
"1"," δ. ޾Ѵϴϱ   ϴ   մµ.  ȭ ڴ ̼ ̸ ׳ źմ    ıϴ ¿ȭ  ̻  ϵ ƴϴ. ϴٰ ؼ ˿ ..."
"1","ϰ Ư ̼ڶ  Ų κп ׳ ٴ ۿ ȳ"
"10"," ó  ܾ߰ڴٰ ߴ.  10Ⱓ  ȭ ƴ϶  ߿ ž ̰ ʹ."
"1","̾߱⸦  ̾߱.  ʹ  ʹ ΰ. ׳ Ư ̾߱  θ ̾߱ⰰ. ٺ е . ϰϴ  ߱. װ ̶ ո."
"1","͵ פѤ̷ ȭ  "
"2","  Դ. ۰ 'ĭ' ׷ġ а ü ͸¾ҳ? ׳ Ժ 8 ɱ ȭ Ǹ̶ µ ƴ.."
"1","  ˿?    Ƶ?"
"8"," հ  ߾̤̤"
"1"," ϸ ̾..."
"1"," ѱȭ ȭ   ... ˶  "
"1","ȭ ϰ ʹ¥ ȭ ϰ Ű ߰  ϰ ¥"
"2","溸ٴ ܾƴѰ"
"2","Ȳ  ɸ´   ߽ϴ."
"1","¥ı  "
"1"," ʹ ҽϴٴ   ȭ,  ڸ  α    ڻ쳻  ü  ǹ̰ ִ  𸣰ڴ. Ϸ  θ ٺ   "
"1","󹰵ȸ û ޾ƶ;"
"1","   丮,  1% ȵǴ .. ڴ  ٷӰ  ڴ ȸ  ܰ   ʰ ó ư? ȭ ô  ̷ ۿ Ǫ ; ޶..."
"1","ΰ? ...."
"1"," ¥ ų ÷Ƽ õ     ȭ. ȭ 12000  Ÿ  ˶"
"1"," ȭ Ʊ 19ݾƳ??"
"1","ʹ ־̴ ô . ۰ȣ     . ǰ ׳ '۰ȣ'. ҿ ԵǴ° ƴ϶;; ߰ ;; ̶⿡ ߴµ    ;; ȭ..."
"1","ʹ ĢĢϰ ."
"1","   ̰   "
"1"," ۿ Ⱥ"
"1","׳ ˶ .. ̼ڶ  ʹ  ¥ ߴ. ȭ ٺ ȣ  ͺ 뵵 ôµ װ  ܿ. ȭ   κп   ߴ. °  鼭 ..."
"1"," ̾ǰ...."
"1","   аԺ. Դп η ˴ϴ"
"1","19  Ȱɾ?   ϳ"
"2","̿ ˹ٵ"
"6","̰  15? 19 ٲ ɰ "
"1","ΰ  âΰ Ŵ?"
"1"," ̾.. ѽ丮"
"1","ε ׾µ ¥ı ԰ ų??? ̵"
"1"," þ~  ȴ~  Ⱑ  ..  ..  ſ  ±  ö  ~ ¥! ϰ ..  ưʹ"
"4","ʿϰ ʹ   . ,  簡 ʹ ϰ 1̶  ټ ġ.  ʿϰ ."
"1",""
"1","¥  ó ܺ.   Ĺ    ȭ ѹα  ư."
"1","15 ƾƴ  ܰ ݶ  ø鼭    վ?  ֽð   ߰  ȵǰ?   ÷  ڱ! ۔fܾ ̰ 󵵹ް հ °ֵ ..."
"1","   ڽ  ȭ   ȭ"
"6","ٰºοϴ"
"1","  ̰  ȭΰ"
"1","  ޾Ҵٰؼ û ̰ öְ ׷پ˾Ҵ ̰  ҽݻǿ ڿ  ϴ ġ̶  ٸ???? Ѥ ׳ ųŸӿ ȭ   ̳  ׳ ޾Ҵ ..."
"1"," ̰ ճ? ްͼ   ؼ °   ʰ  ϱ⸸ ϴ"
"1","Ʈ Ϸ ḭ̄ PC   . ȭ ȭθ Ǵؾ  ġ   ġ. ȭ ǰϰ Ÿ ְ ѵ     ȭ?  . ϶..."
"3","ֽô  Ʋ. ̾߱ ۰ȣ  ̼  ̾߱ε Ĺݿ   ۰ȣ  . ۰ȣ ̼ ڱ ̴   .  ߿ Įθ  ϰ..."
"10","Ҵ㾾 Դϴ ָȭԿ ׻ ູϼ մϴ Ҵ㾾"
"4","³ ̷ ϰ ..̤ ĭȭ  ϵ帮µ ʹ ũؼ ׷  ʸ ϴ.. Ȥ ӻγ  е û Ͻô° մϴ.."
"1","  ...."
"1","ȭ ³ ߴ гڰ ȭ Դ..   "
"5","ûҳ ϱ⿣ ʹ ̰ ʹ  3c ȭΰ "
"5"," û󶳴ٰ ڱ "
"1","ȭ  ö ...."
"4","    ڸ Ѱ ıϴ    ϴٰ   ϱ. κ   ȭ ¡ ޾Ƶ帮 ϴ  ׿ ݴ 谨   ʹ ̻ϰ . (..."
"1","1 ߸  ̼ڰɿȭ  ״° ڼ    Ϻ ûҳ⿡ ϵ( ׷) ׸ ߰߰  ̼ڿ Űϴ° ſ  γϸ ..."
"2","ȭ  ֺ ɾִ л.. ľ  䳻 ׿. Դٰ , ڱ   ¦  ôµ..ȸ ޼ ϱ⿡   ûҳ鿡Դ ׳ ʹ ڱ ȭϻԴ..."
"6"," Ȳ  ʾҴٸ? ׷ ?"
"1","»  »  "
"8"," 鶧 ƴ϶, ȭ 帣 ǰ  15 Ѿ ¦  ϱ  ȭ"
"4","ڽ ŵ   ַϴ ~ ȵǴ ε... ǰϰ   ű⿡  Ŵ޸ٴ  , ű⿡  ʶʹ Ƣ  ఢ̴ ̵  Ҹ ..."
"2","⸦ ĥ ϰ ɷµ ִ ׽ı ڹڽ °ɷ 踦 ϴ  ϱ ...      ǰ  ̷  ڹ̵  "
"1","뵵 ؾȰ ̵     𸣰ڳ;"
"10","?!ߴ. Ͽ ô  ʹ ."
"1","ֱ   ȭ   ο ̤ ų  ƽƽ  Ȳ, ߵ ȭٰ Գ׿ ̤"
"5","Ȳ ǹ̰ ΰ ϰ  ȭ? Ư    װ ū ޾ 丮  ſ ϰ      ǰ ƴϴ"
"1","¥ 氰 ѿȭ. "
"1","~~     ."
"1","ǰ,    ٸ Ǹϰ. ٵ  ȭ   ׷ 1 Ʊ. 'ö Ÿ ٴϴ    ص ó .'   '̴&..."
"10","̷ ޴ ε ûʹ뿡 ¥ı    ڿ  Ǵ    ǻ ƴұ??"
"1","ǥϷ ȸ޼ "" ִ ʿ   ̴""  ޾Ƽ   ȭ. ȭ    ƴ, г   ..."
"1"," ݿٰܴ ϱ⿣ ȭ ǥ 忡  ׸  ϰڴ"
"1","  ȣ   ȭ ... ڴ ̰ ڶ    ׳ 渮   ƶ!"
"1","޾Ҵٰ   ȭ ƴϴ٤Ѥ"
"1","ΰ ʹ ذ  ǥ.  󽺷 ."
"2","׳ ׷. 밡 Ƽ ׷   ȭ ƴ."
"2","־ٰ    ϰ  Ҹ. "
"1","Ȳݻ  ƴϾٸ Ƽ а  ̸  ǹ .  ĳͿ  ߹ݺ ߷  , ں ü  ƴ ü  Ǹ   ڱ..."
"1","   ȭ  𸣰"
"1","ȭ  ȸ νؼ  ȴ. ѹα ںν   뱹̸, ȭ  ̷ ϰ  . ȭ  ȹ̰   ġ ѹα ϴٰ ν..."
"1","̰ ̾  ȭ   κ Ư      ' ƴϰ' ̵(Schadenfreude) ɸ   Ҹ ҽϴ. ȭ ..."
"2","̰  ְ. ɶ մϴ."
"1","ħ    볷 濡  λ ¥ "
"2","ĭ ȭ ٸ ĺ ? ־ֹ ҿ  ̰ ...  ִٴ ʵ  νŸ ø鼭 ٿٿ  ̰ ִ°ž ڱָŴ° "
"2"," ̷縻Ҽ  Ǹؼ ٽô Ⱥߴµ иü ϳ ޾Ҵٰ ϴ ó  ȭ  ѱи   ϰɷߵ ߽ɸ Ǵٽô ִ ȭ"
"2","  ȭ̱⿡ ε ⿡  ȭΰ ϴ.  ǹ̾ ȹ  λ , ε  ȭ  ׷ϴ.   𸣰ڽϴ."
"1","̾ Ʊ"
"1"," ʺи  ; ̵ ϳش̶ Ʊ ǸӸ ʹ ļ  Ⱑ "
"1","гڰ ѿȭΰ ߱ϸ鼭   漮ɴ¿ȭ"
"1","а  Ȱ   ȭ  θư ں Ƿ¿  ϴٴ  ϳ~"
"1"," ͵  ȭ, ׳  ׷  ƴ "
"10","̶ ܾ  ߾︳ϴ"
"1","ϰ ̰ ճ??    丰 ȭ  ظϴµ    Ǵ 尨 1  ڷ  ̰  ó  Ѹ پ  ȭ װͻ ٸ "
"1","ΰ ʹ  ϴ ȭ. ȭ ü ϳ ȣ  󿡴   ʴ´."
"1","̵̺⿣  Űƿ  15..ο  ľ⿣  Űƿ"
"1"," å    ̷ ̶ ϴ .."
"1","  ϴ Ҵ   ȭ  ¥"
"1"," ȭ  ̷Ա  Ǵ ذ  . ƹ   ƴٰ ص ϸ鼭    鵵   ȭ  ι  ൿ ϳϳ  ˿  ȭ ü ..."
"1"," ȭ׿.      ε    ܾ ϴ. Ʋ  ʰ   ʰ  ظ  ʴµ  ְ Ǿ   ʰ  ظ ִ ..."
"1","ĭ       ƴϾ.. ̰   ޾Ҵ  ذ ȵ.  и  ȭ.. ĭ ޾Ҵٰ ؼ ⲯ µ ְ    "
"1","   ε  ڼ ģ9.0̻   ̶ 귣带   ȭ ȭ. ٽѹ  ۺ¼ ŵ ٸ̿ ٸپ  Ǹ.ǰ귣 ⼭ ..."
"1","ʹ ߳..."
"2","ϴ õ ä Ѥ  "
"1","¥ ̷  . 17 л̿ ݸԾ  ߾ ¥  Ҹ  ȭ 15  ƴ϶ 19 Ŵ° ´° ƿ ,¥ ŰҰԿ ̰ "
"1"," ݰ Ʊ    ۵ ȣϴ´۹ۿ    ̼ ҽϳ"
"1","ȣȭ߿ ־̴ 1 Ʊ      ΰ?  ȣ ü  ¥"
"1","ȣȣ  ȭ ϰ ° "
"1","̰ .. ʾƿ"
"4","¥ʹ̾"
"1","ü  ̼հ ˳?    ȣȭ"
"1","ε  Τµ ûʹ  ýôŸ  ? "
"1","뺸 ʹ ο"
"1","ٿٿ  õ  2°  ȭ."
"1"," ϴ° 𸣰ڰ  ...𿡼 ٰ ϸ Ÿ° å..ٵ ô ϴٰ   ȭ  ȭ  ???"
"4","ġ Ͽ ǸϿ"
"1"," ٻ ȭٰ ź ɸͰٴ   óԴϴ.  δ ƹ Ϲ濡ٰؼ  ι ưʽϴ. ֺ ٰŸ  ̻ϴٸ Ⱥٴºе鵵  ..."
"1"," Ǿ ȣ.. Ѷ μ ϰ  ȭ ٸ ϸ ,  ûʹ ¥ı   ŵ ¿  ̶  ˰ԉ  ȭ ̴  ȭ..."
"2","15?     ʿ ൿ̾,,,"
"1"," ٰ ̾  ó"
"6","赫     ִô ִô   ȸϳ  ñ  ں "
"6","̰ ʿ...? ̹.. γġ̶ ֹϴ ʹ Ű...."
"8","ϸ鼭  , ´ ϰ ȴ."
"10","  Ͽ    ׵   ִ"
"1","    ƴϰ α    ϰ  20 ¥ ȭԴϴٿ ϰ   (©  ༭  ߴ ȵ)   ǰ ..."
"9","гۿȭ  ذ . ִµ  ĳ  ̾."
"6"," ...  ڶ ׷ ־߳ ڶ ׷ 15̸ ̵鵵 ٵ 19ΰ°  Ͱ׿"
"10","ٸ 캸ٰ   Ⱑ ְε"
"1","Ȳ   ƴ   ʹ  ȭ  ʹ ڿ ȭ. ΰ ڿ 丮 ߴٸ 𸦱.  ƴ"
"2","밡 ʹ ǳ~ ڳ ġ  ȭ"
"4","  ϻϱ?      ϰ Ͽ  ɱ?  ӱ 150  600̾."
"4","  Ͽ 19̻ ؾҵմϴ.߹ݱ ׷ ǰ ణӷϰ ǳϴ ߹ĺ ̾ βѳ ǹ׿..  Դϴ."
"6",".. "
"1","  Ʈ    ٴϴ ѱ  ȭ  δ ȸ ġ鼭  Ϻζ  ѹ ϴ° ô٤"
"1"," ûض ûҳ ⿡ ʴ"
"3"," ü  ..."
"4","׳..׷...ڲ ޾Ҵٰ ϱ淡..ֱٿ ôµ. ....̿ȭ? ϴ ǹ ..±׷ٴ.."
"1","̵ Ϸ̵ ̵߰   巯 ȭǹ  ߴٴ°  ?? ¼ ȭ 𸣰"
"1","˶̳  ."
"4"," ϸ ̾ȵǴ Ȳ  شȭؼ ɿϰ Ǯ ᱹ ȵǰ   ൿ ǹ̽ϰ   ̶ Ưൿ ǥ ϻ и ϰϴ ȭ"
"6","Ȳ   ƴϰ ׳ ѹ  ѱȭ"
"5","ū 븦  Ǹ Ȱ ȭ,   ʹ 򰡵ǰ ."
"5","Ȳ  Ǿ  ȭ... Ǹ..."
"4","  ˷ַ ϴ ˰ڴµ  ʹ  Ǵ° ƴѰ ; ȭ.."
"1","׳   "
"1","³   ȭ  鼭   ȭ  Դ ܿ ȭ Ե ܿ ȭ    ΰ     ΰ     ȭ߰  ɾִ..."
"1"," ذ ȵȴ.9  ϸ  ȸ"
"6","   ְ Ʈ ޾ƾ ұ..  ϰ  "
"1","¾  ٰ  ̷ ο ؼ ƺ ġٰ ı οȭ.  ġ  ķġ . 츮  ִ .   Ѿ  ķġ..."
"1","־ ణ Žȴµ Ҵ  ߰ ٰ  Դ  ȭ뿣  ߴ"
"1","˶򺸰   溸 ϱ "
"5","ȹعٴڻ  ׵鿡 (Ǵθ)  ڽ  īŸý ڵ  ȭ"
"1","   ȭ. Ȱ  ǽ"
"2"," . *. ̻ ϵ ƴ.   ĭɻ ٵ ̴    ƺڴٰ ߹ ġ° վ."
"2"," ִ  Ű  ־ 15 ̿  µ...15 ƴϴ Ͻö° ˷帮;    ߽ϴ  ο̿   ..."
"2"," ...ֹ..ûҳҰȭ. ʹ   .̵ ?  .ڵ ʹ  .̰Կ  . д."
"1","  .   ൿ ʹ Ͽ  ϴ  ȭ. ӱ ˹ٻ ޼  ְ ڵǰڴٴ  ε. ȭ ʹ ϰ    ..."
"10"," ҶصҼ  ȭ. μٷ  Ҽ  ޼.   ̹ . ȣ ȭ  ֵѷȴٴ°   .  ̸ ٴ. ̰ ٸ...."
"1"," ʹ ҽϴ .ٵ ϰ ؼ   ȭ 15  ˾ҽϴ. ̴ Ҽ ,   ־   ־  ,ٷ  ɾ   Įθ Ľ    ..."
"1","ϰ ۿȭ.Ҹ׻̴."
"1","۰ȣ   ϰ ǰ? ѻ  ̰, ٸ ڸ   ׵ ϴٰ   . ű ڻ  ׿µ ᱹ . Ŀ   ڴٴ ..."
"1","  ⿡  ̷  ȭ.  ϰ        ȭ. ׸  ְ ǹ̴ ϱ? м Ű ƶ?"
"6","ȣ  ȭ ḻ ʹ ȴ. ȭ üμ հų ǰ     ư İԴ  ǿ ϰ  ǹó .      ..."
"1","  ڴ  ³ ߴ"
"1"," ġ ȭ ٽ Ⱥ"
"1"," ȳȳ? ̰ ȭ...;;"
"1","ִ ڰ   ̵  ȭ... ϴ ٴ ˰, ȭ   ̵鿡 ִ  ȭ ó  ...ް Ӹ ƴ   ־  ȭ..."
"1","ҹ ġ    Ҹ ̴ ̰   ٸ    ޾?"
"1","̼ճ ȸ ҽϴ  ߵǰ   ߻־µ  ͼ ̤"
"1","̷ ȭ   ?? ¥ "
"1","ϰ ϰ   ְ   뿡 ٸȭ  ũ ϴ°͵ ٷ ̴.ΰ ʿ  ѱ 񲿴 õ ."
"1","ũ ϴ   ?"
"4","׳  ΰ  ȭ.  ϳϳ ʹ ̶ ġϴٴ  "
"1"," ȭ    ̰  ٴ´ ׿..  ڷ     ҽϴ."
"1","   ñ  Ÿ  γ ¥ı ϰ ̶  ⿬ Թ    Ծ δ"
"1","ϴ ...."
"1","   ȭ. λȭ   ñϴ"
"1","ڱ ⿡  Ǫϴ. Ȳ ƴϾٰ ǳ׿.  ͺ  "
"1","̴ !! ĢĢ ȭ"
"1","ʹݿ Ҵµ ڷΰ ¥ ȭ.  ϰ ϴ 𸣰ڰ ٺ µ ʹ гۿȭ. ü  ? 츮ȭ Ŵ  ̰Ǿƴϴ...¥ ൵ ..."
"1","ü Ӱ ִٴ° ʹ ϰ "
"2","մٴ  մ  ֳ? ׳ żϴ ȣ 帣 ̷  ½ Ѿ?  մ°̴ϱ? Ȳ  Ѱ ־? ̶  ûѰŶ ϰ?..."
"2","ñؼ , Ϻη ð     ƴϳ׿. 40  ܿ   ."
"1","""ϱϽ   ʰ   Ͻô  鼭   Ͽ ϴ."" ûʹ뿡  忬 ȣ  ƺ. ڷγ ε ׾ ٷ  .  ..."
"2","а ҽѰ  ٰ̾ ϸ ϺҸ ιǴϰ ٽô а ϰ ɱ ҽŸ"
"1","־̳׿  ϳ Ʊ ȭԴϴ ũ ϴ    ° γ׿ ̷Ա ؼ õ Ѱ ͽϱ? ȭ ̸ϳ׿ Ƽȯϴ   ̶ ȯ ް ; ȭϴ ڼ¦..."
"1"," а Ϲδ ٸٸ"
"9","  "
"10","Ϸ Ե Դϴ.  ⸶ ۰ȣ ϽǷ ĥ cctv  ִ° Ҹ     Ҹ ̿ȭ  ḻ ް  Ȥ? ֳ׼ʾ   Ͽ û .."
"7","α  Ǵ   ϰڴ"
"8","ȣ ..4!"
"1"," ġ   "
"8"," ⸧ó    ź .."
"3","  ʰ ȸ   ȭ. ̼ɸġḦ ޾ƾ ϴ   ƴѰ.   ϰ غغô ̶     ȭ, ڼ ̶  ̷   ..."
"6","г ȭ  εϳ׿"
"2"," ҽù ,    ȴٰ °?  ޻ȸ Ϸ  մϴ   Ǵ.  ݵ  ͵ ִ      ǳ Ʋ ȿ ..."
"2","൵ ѿȭ  е巴"
"1","Ͽư ĭ  ȭ  .... "
"10","ٽ   ٽ    ȭ"
"1"," ̳  ҽѰ ذ ȵȴ...  ڻװ ҽѵ...  ű ö󰡱 󸶳   ϳ?  λ ؼ ư   麸 ....."
"4","ȭ ٴ  õ  ġ   ⿡ ö ãڴٴ 㿵 ٺ̰, ȭ մٴ  ڽ ӹ  ߺԿ ȭ ģϰ  ̴.   ..."
"10"," 鼭  ȭ  ɼ  ſ. , Ϸ ǥ ں ȸ ޾ȿ Գ   ˾Ҵ ڿ ޺,  ʾƼ.."
"2","ѹα ȸ  뺯 ϴ   ׷ ϴ° ƴϴ ó ° ʵ ׷ ʳ?   ִ° ʵ ˸鼭 ׷ ϳ  ȭó   ʾ"
"1","̹  0 ִ°ų"
"1","  ð Ʊ.. ̵    ϰ  𸣰ڴ"
"1","߿ , ̶  Ŵ ǳ ȭ.  1 Ʊ."
"1","  ȭϴ"
"1","̰ 19 ɾ ¥  ݸԾ"
"1"," ȭ ̿ȭ     ־ư ٶ ̶ ο õ   ¯ ϻ .. δ  ǵ ̴ , ϱ  ǥ, Ǽ  ..."
"4","׸   ƴϾ ƿ .."
"2","ϰ ϰ гڰ    ȭ ¡  丮   ׳ ñؼ ° ׿ܿ  и  л ͼ  ڳ̶  "
"1"," ο. ȭ  ȭ̴. ׸ ̰  15? 19  󿵵Ǿ ϴ° ƴѰ? Ǳ . ҵ ä ġ  ʿ  ϰ Ǵ 丮, ̼  ..."
"6","븦 ʹ߳ ̾ൿ ̾ ḻ"
"1"," ̶  ³׿~"
"1","ĭ ΰ? 1 Ʊ ȭ."
"1","  80%  ΰ?"
"9","Ϸ Ե Դϴ.  ⿵ȭ ¥ ޼  ã  ̴. ȭ ̶  ' ٿ ؾ Ѵ.  ϰ ִ  ο  ̰ 絵  ź ޶ ϰ  ϵ ..."
"1","״   ؼ  ȭü ο"
"1","ο  и "
"1","....г"
"1","ʹ  ȭ."
"2","  ġ  ϰ ٶ ׷ ?   濡 Ѱų  ȹ ڽž? Ϲ Ƽ󸶶 ȭ  Ͱ ȹ ̿?   ..."
"1","󿵰 ϴ  ϳ ¥ 꿵ȭ  ʹ  󿵰   ˹ Ⱦ ̰...̵ȭ    ϴ° "
"2","г ȭ.."
"1","¥ ظ Ϸ ϸ鼭  ǵ  ʹ ϴ. ֺ   Ǹ ũ   ϳ   ȵȴٰ 򰡰 ε ͳݿ   ġ׿.   ôµ ... ư ..."
"9","Ϸ Ե Դϴ.  ڰɿ ¿ִ ɷ   ఢ. ʿ  δ  Ұ . չ   ̼ հŸ    . ׵ »  ſ."
"1","̵    Ľн ȭ ˾ҳ "
"1","߸ ȭ ׷ ĭ   ؾ ϱ⿡ 8.6  "
"2","븦 ʹó.."
"1","¥ 1 Ʊ ȭ  ̵ȭ  뺸 ¥.."
"1","ʹ  ȵǰ 谨  ȭ"
"1","Ǽ    ó ׳ ׹ Կ   Ѱ谡 巯  ģ ȭְ  ׳ ...."
"1"," ¸.    ¸.      ȭ. ѱ  Ⱦ ȭ ߰ŵ, ѱ   ض. ο  ġ    οȭ.  ؿܿȭ..."
"10","ΰ    ׿"
"1","  ̳ Ž   °    ڹڽ ⿡  ʴ    .  , 㱸 θ    ϸ Ż ϴ Ű ..."
"2","   ϴµ ׳.."
"3","ΰ ϴ ε  ȭ  󿵿  ȣ ǰ ⸦ մϴ."
"10","վ.  ϰ ϴ ȭ."
"1","׳ ΰͰ ФФ"
"1","˶򺼰ɶǼӾҴ!!"
"5","뺸ٴ Ǹ ٰŸ ȭ. ̰ ϰ, ϰϴ ޼ , ڵ     µ  ؼ  մϴ...~! μ  ǥ Ƽ 18 ȭΰ ..."
"1","ü ̷   ޾Ҵ 𸣰ڽϴ.  ̳Ʈ  ͵ ȭ淡. ۺ  ̾߱ ڼ. ͳݰ а 'ΰ'  縦 ־ ȭŲ Ȥ..."
"1","а  ŷ  ʴ.  迭̶ ׷"
"10","÷     ʰ ԰ְ  ־׿.  ʹ ̻ ۰ȣ  ̹ ƴ        Ҿ ̷ 丮  Ե  丮ڷӿ..."
"1","  ȭ."
"1","Ÿ   ڱ  Ἥ ;ϴ  ȵ   ȭ     ߴٴµ   ߴ ƹ     Ī ѱȭ߾˵ ִ ȭ ׻ "
"1","̹ ī  а  ɺ "
"1"," ϰ ̷ Ȱ ε    ϰ ִµ  ҵ ûʹ뿡 ũ ϰ ġ ̰  ûʹ뿡 ȭٰŸ   ְ ֳ"
"1","ϰ ϴϱ ִ ȭ ãô   ô..ϰ ϰ ̰ ƴմϴ."
"1","ĭȭ ɻ   ڵ, ġ   ־  ȭ  .  , ε ĻȰ      Ϻη ε   ־ ϴ ǵ ."
"1","  'ȣ'  ƴ,   , ̷    ȭ.    ȭ.   ĭ ȭ  ڳĸ   'ȣ..."
"10"," ε鸸  Ҹ ī̿ 4 װ͵  ֿǰ  ϴ   Ҹ̾   帣     ѱ ȭ߿  ְ ߽ϴ   ϵ帳..."
"1"," ̾.."
"9","  پٴѰͰ ǰϴ."
"1","  ſ ʿ  ϴ."
"8"," 뺸 ణ Ǹ ϴ"
"10","ȭ ³    ñ ߴ."
"1","̳ ȭ  ."
"10"," Ҹġ ̳..  ̶   ϰ ϴ.. ߸ ȭ ̷ǰ ϴ ϸ  Գ׿. ȣ ۰ȣ  ɹ̶..!!"
"1",""
"1"," ʹ ° ƴ;;  ؼ    ؼ  ͵ ڶ ̱ ϴٴ..  Ǽ ìñ"
"1","  Ӹ   ŵθ      . ָ   𸣰  Ѱ ָ ΰ ٶ ΰ ָ   ټ  ִ¿ȭ   ׷ Ϸ  ̶ ؇J ..."
"1","ٲ ȭ ԰ ȯ濡  ġ ϰ  ΰ ź ?  ܸ Ʋְ  ƴµ   ȵǰ ʹ  ϱ ΰ ǥ ͵ ."
"10"," ȣȣ  ȭ մϴ. ڱ ⿡  ʴٰ    ְ  ǰ  ̿ϴ. ϳϳ..е Ⱑ ְ׿.ٸ е ȭ     ..."
"6"," Ϸ ¡Ρ κ    ư    鼭  ߴ ȭΰ ϴ."
"4","׳  ϰ 㹫Ͷ 丮"
"1","  ȭ   ȭ  հ  µ ̰   ʹ ߴ. ڴ ϰ     ϴ ݸ   ϳ   Ȱϰ   ̴ٶ  ..."
"7"," ؿ          ǽİ г밡  ˰  ,    ϴ     ⱸ  ̶ ϸ  ̰Ե..."
"1","ȭ ....  .... -"
"1","ƹµ  ġ ȸ ذ͸ ǥ ۰ȣ.ϰ     ź ġ ȸ   .ٴ ϳ(װ͵ )Ż ƹ˾ ¸..."
"1","ϰ    ȭ 2  ƴϰ ȭ ϸ Դ ̻ "
"4","հƽ ȭ ȣȣ"
"1","15ΰ , , ΰ   ,   Ѱ ѹ˸ ˷α׸ʰ  ̻ϰԸ缭 û ߵ ıó  ̴ ( ȹ޾Ұ 19̾ 氡..."
"1","  ȭ"
"6"," ׷."
"1","ۺ νҶ ...ܽܰ л̸ κΰ 19εŶ ö Ѹ  ð Ф     з ѿȭε..   ð  ôµ. ε. ..."
"1","̾ϴ.       ʰ,     , ߽ϴ.  ,  ó ߰  ;ϴ.  ϴ е麸   е ..."
"1","ȭ ۱ ƴѵ...˹ٵ ʹ Ƽ"
"1","¥ ˹پƴϰ  ش ̴  ϰ 𸣰ڰ  ˰ ʴ    ڴٴ   ȭ OOO"
"2","  ҷ,  ü ȭ.  ǰ ں, ΰ, ޻ȸ Ѵٰ?? ٵ ʹ ؼ ִ° .     ( )  / ȸ  ĸ ..."
"1","ΰ ȭ?? ⵵ ʳ. ° ؿ  ġ    鼭  ε ϴٴ  װ ȭ ϴ°ǰ? ߰ ٰ ̻  ġ  ȭ"
"1","̰  15  𸣰ڴ  °ġ, ȭ ³ ̰ . ι  °   Ϻ ȭ ̸ ٰ  ڴ. ι ΰ źڶ  ߰ ʴ ̻ ..."
"1","ϰ  ̶̼  ŵ ׷15  ƴѰ "
"1","̼ڿ 踦 ȭϴ  Ƽ ߰   ʿߴ ǹ. Ĺݺΰ ſ ߴٰ . 19  ö󰡾. Ҽ  ȭ."
"1",".. 巯 ȭ"
"1","ȭ  ɹڵ Ҿ... û  ̻ϰ ۶ ǰ     ΰ ׿     ߸԰ ߻ٵ    ӱ⵵ ϰ  ..."
"1","۰ȣȭ  Ÿ.. ׸  ȭ ٰ ʵл ڳ  ȭ  θ   .  ȭ Ⱥ ٰŸ о ̰ ʵл  ȭ.  ̶   ϰ ..."
"1"," ְ  ..𸣰"
"1"," ȫ ũ ص ˶ Ĺ߸  ȭ ϰ Ÿ"
"1","  лī Բ  ȭ Ŀ ֹϸ  ǥǴ    β ;ϴ...18ƴ19 Ŵ° ´°Ű ʹ  ǽѰ ƴѰԴ..."
"1","15??? ø ֵ鿵ȥ Ĵ ϴ±. ,ȫ.. õ庸ó شΰų  ִ°ſ  ߳..   ġ ǰ ϴ "
"6","վϴ  ̰   Ŀ """" ¥ı Ƽ ܼ   ȭ  Ⱦ׿ "
"1","õ ߾ ?"
"1","Ʊϴ. ٰŸ ڸ ε  ڵ ؼ ư ̰ ڵ  Ƽ ߼Ӱ ϴ    ȵǴ  Ҹ ̴ ȭ"
"1","ؿܿ  ޾Ҵµ ȥ ζ ϸ 1 𸣴 ̴޹   ° پ˾"
"6"," ȭ 15  ½ϱ?? κΰ   ϼ"
"1"," ̶   ùôϴ ڿȭ 䳪"
"1","  ̽ǰ ī    ǰ ƴ϶ ϴ."
"10","28ϳ ̺ ð    ȭԴϴ. ǽ ۿ  ϰڳ׿ ^^"
"8"," ߻ΰ. ̼ճװ  ҽ"
"6"," λ ο  ۿ  ð. װ Ѿ  ð ?"
"6"," ؼ  дٿǴ ȭ"
"5"," ߿    ȭ.  ϸ    ص 뼭ǳ?  ڴ   ڼ  ڵ  ູϰ  ˰ ǳ?"
"10","ī 4 ǰ ̰ɷ  ."
"1","λ ƴϸ  ϰ  ȭ ϰ ô Ǻ"
"6","ƴ ٵ  ¥   ϳ?ذȰ θտ ڽľտ .. ̵ǳ.."
"6","丮 ̾  ƶ . Ϻϰ ϴ   ķο ƿðŶ ϴ°   θ  س ̴°  ̲  һ. ٴ λ 鼭 ..."
"8"," ҽ ι ̼.. ҽѰ    ġ ϰ ư   .. ˰ ƴϵ  ڰ ˵ ƴϸ   ˺θ ټ "
"5","ϰ ôµ ׳ ׷...ְ 忡  ʿ , ߿ Ƽ ø ϵ"
"1","̰ 15 ƴѰͰƿ....̰ 18Դϴ;:"
"1","  ¥  Ʊ"
"7","19 ȭԴϴ ^^"
"10"," ϰ ϴ.  ""  ʴ  ȹ ֱ? """"ƹ  ̰   ؿ, п ϱ"""
"1","ϴ.  ޽ ְ    ǵ 𸣰ڴ."
"5"," ٺ̱ ڹ̵... Ĺ   ŴϿ ,ش θ ϴ°͵  û ƿ  ̴,,"
"2","¥ OOO⿵ȭ ̰źٿ ϸǺ ..¥.. ̸̳ 찡ٸ̾鰳ȭ 𸣰ٴ¿ȭ"
"2","׳ ׷ ׷ ȭұ"
"1","   ..ſθ"
"6","ʹ 븦 ߳? 氡 𸣴    ư踦  "
"2"," ׳ ׷;;״;"
"2","    ° ƴ...޽   Ѱ... ⸳ڼ ... ڵ尡 Ʋ..."
"1","ġ     Ͱ  ǰ"
"1","û  ȭ...."
"10","15  ƴϿ....."
"9","Ϸ Ե Դϴ.  ⺹  Ѹ°Ϳ Ҹ ħ"
"10",",  ,   ȭ"
"4","ϰ ߾ȸ¾Ҵ ȭƿ  ߾"
"4","ϰ ̰ ֳ?"
"4"," ̴, ڱ  ܸ̾ ٽÿµڷ ʹ ̻ϰ귯»̰...µ.. .Ѥ"
"2"," ο.ش ǥϴ ..  ٲ ҵ."
"1"," ˶ ° Űǰ  ˶ Ա  ̰  .."
"5"," ȭ ᱹ  ȭ.  Ǹϴٰ    ᱹ 濡 Ͽ ó  ó ش."
"2","ȸǳ׿ л Ƶ ⿡ ʹ θϰ ̾׿"
"2","ƹ Ͽ  ̶   ׷ ʴ"
"1","ŭ̳  ȭ"
"4","õ ַ 15 ߳...ƹ غ 15 ƴѰ "
"1","ʹ ϰ մϴ"
"6","ڵ ڿ پ α ϰԵǴ   ϴ. ڶ ΰ ó ų ڰ  ʴ´.    ȯ   ൿ ϰų ϴ° ..."
"1","   "
"2","ϰ f  ̰ ٸ   ذ Ȱ     մ 뵵 "
"4","ǹ̵   Ȱ±׳ оģ ̾߱"
"2","ȭ  ޿ ȸ° ̰,    ʴ ڿ   Ǵ ĳͰ ׳ һ.   ׷ 忡.  ȵ.  ȭ ǥ鵵 ǰ ֱ⺸ٴ ġ ְ..."
"1","ǰ  ũ  ¾"
"9","  ͼ  ٸ 20 ߹,    ҰԿ䡱     ȯ  ȭ Ҵ. ȭ ʹ ߴ.  ̷ ƾ ϴ ΰ?"
"4","뵵 Ϸ ׿"
"1"," ƴ϶ ɰ ſ ҷ "
"1","15° .. 19 ø..."
"2"," ְ ùٸ  鵵  ȭ  ѻ Ȱ  ǳڿ Ͽ      ൿ Ѵٰ ϰ  ȭ   ߿  ..."
"1"," ġ ! ð"
"1","׳ ߴ. ̿ȭ   ְ ߴ"
"1"," ڼҴ ⸸ . ϵ  ȭ"
"1","   Ÿ"
"2"," ׷ȴٸ  ׿ Ǵ±!!"
"2","  ̿ȭ ̷    𸣰   ȸ  ظ ؼ ׷   ϳ    ȭ ׷µ  ׷"
"1","θ   ȭ   ε  ȭ 15̿밡   ͽŵ  ̼ɸġḦ ޾ƾ "
"10","ְ.  ̻  ȳ ȭ. ó  ٴ ȭ. Ҿ԰ ӷ ϴ ȭ. λ ȭ."
"10","̷ ϰ ٴ. ȭ     ϸ ȭ  Űµ  ƴ  ð   𸥴."
"5","߱ ԲѴٰ ģ  а ѹα   ҿ  ľȴҸ ϸ  ¥ı ־?   ڷγ ù ڰ  Ȯڰ 200  ϴ. 11쿡  ɷ ..."
"1","   ׷  ȣѿȭ ظϰڳ׿ ״ ȸ´¿ȭε"
"1","   ȭ"
"2","ȣ ƿ鼭   ־   ʹ.   ޾ ʾҴٸ  ȭ  ׷   . ȭ ص  ȵǴ   δ..    ..."
"1","  巯 ȭ ̰  15?"
"3","ܱ ް, а  ϴ, ġ ۿϸ ߾ϴ  פ"
"5","ȭ Ҵ.ٵ ۵. ̰ 15? ȭ ʵ ֵ鵵  ִ. ³׵ ƹ    Ʈ츶 Ŵ.  ȭ   ȴ."
"2",". . ʹ ̸. .  Ҳ ȭ. ."
"1","  ȭ 鼭  ߴ? . ڱ ȭ ڵ .  . ƹ  ǹ   鳢 ϰ ϰ  ο. ȭ ƹԵ ̶  ʴ´ ..."
"1"," ѱȭ  .."
"1"," ٴ° ³? ˶ ѹ ȸǴ"
"2","ҳ  ϸ鼭 ̶ ϴ±~ ׷~"
"10"," ȭ  ϴ μ  ȭ.ȣ ȭ ¸   ü  Ͽ ԰  Ȱܴ ־.."
"2","ݽ;;   ޾Ҵ 𸣰 ĭ ̻Ҽ  ֳ .."
"1","̰ 15????"
"2","̰Թ 9뿵ȭ нȭ ¥־̳"
"1"," ʹ 翴"
"2","   ,Ǵٸ  ȭ ų.  ǹ ູ   ޳ ϴ ȭ.  ı  ΰ  ƴϴ. ִڵ ڵ簣 ᱹ °..."
"1","  Ϻ 3 Ҽ"
"1","߹ݿ Ե ְ  ׸ŭ ̴µ 𸥴ٴ° ̵ǳ 𸣰 ö ī װź   ̳ٵ  ְ ׸ŭ  ̻ʳ? װɸ𸦸.. κе Ұ ..."
"1","־    ִ°"
"1"," ȭ ̰ų ƴϸ ȭ  峪õ庸̽    ׷  ȭ "
"1"," . "
"1","15 ̻ ڳ  ȭ      ʹ   ̰ д° л   ȴٴ ǰ    ʾҴٰ ص 缺  ִ°  лʹ   ִٰ ..."
"1","̿ȭ   10 ޾ƾ߰ڽϴ"
"1","ʹ    α־ "
"5","Ͽ 鼭 ڹڽ  Ȱϴ  ı Լ Ÿ  ִ ԰ ͵鵵 ãƺ  ,  θ ƴ,  ı    ڶ  Ǳ ̴  ..."
"1"," ѱȭ 忡 ° ƴϴ ̺ ʹ ؼ 쿡   ¥ ǥ   ̰ ¤ 1  1"
"1","   ѱ ȭ õ   Bް ڿ ܿ"
"1","˹پ!! ̰Կȭ"
"1","׳¥¿ȭ  г ᱹ ֺΰ ο..  ׳ ° ۿ ￡ ȳµ 15̶..."
"1","   ~߾䱦 þ "
"1","ִٱ淡 ٰ1ð ٰ Գ׿.. ̰  ̻Ѱǰ.."
"1","15 Թ޾Ҵ ǽɵǴ ȭ"
"1","????ϱ.. ںκε ʹʹ ó ͼ 丮 ̾ȵ..."
"1","⸦  ְ ó׿."
"1"," ¥  ̰͵ ȭ!    ޾Ҵ 𸣰ڴ. ɿѶ? ."
"1","̾ ̾ .  ȣ ϴϱ   ǰ ãư鼭 糢. ߽ɸ ʹ 䳪Ϳ~  "
"6","̵ɷ ĭ ޳, Ϳ ظ 丮 ߴٸ, ̺ ߾ķ ׳ ѽ丮   ׷.  Ѵ."
"1"," ôٰ ȸߴ Ⱥ° ȭ"
"1","  "
"1","ĭ ⸳ڼ   ȭ ϰ ⸳ڼ? ƴϹ ڸ  ġó ڼġ  ʽ÷  ġ ģɱ ñŸ"
"1","߾ ̺ʹ  ǽĿ   ݺǴ Ļ. ȸ ߻ϴ ޿  īο , ڵ  ü  ̿ȭ Ѱϼۿ Ͱ."
"1","ߵ ü.. ̸ 19ݵ 15 ϴ    ִ??"
"1"," ȭ .а    ĭ ٰ ߴµ ڱ ζ Ҹ ¯ ̴   ȭ  ǹ̵ ؼس ٰ  ƴ϶.  ͵"
"1","ظѿȭ۵ٵõѰٷϴ±.."
"1"," а ı.ĭ Ȳ  غ.ڹ̵+ѱ. ްڽ, cgv, vip̰ ̶ ص .  ̵嵵 µ̰  ༭ bbc 濵 Ÿ ..."
"1"," 鼭 ̰ αⰡ  ִ 𸣰ڰ ī    𸣰ڴ"
"4","õ   ϳ  մϴ"
"10","ֱ  ʹ  ȭ ߰ ׳ ôµ  ĺʹ   ̸ + ȭ 19̶ Ͻô "
"8","ο   Ⱑ ￡ ׿.ٽѹ   ;. ûҳҰ ؾҰ ׿."
"7"," 𸣴   ĳͷ   ϴ.   鿡Ը    ƴ϶ κ ε  ׷ Ȱ ̰  Ҹ ٰŵ."
"6","Ӿ  ſȭ߹ݺ ̻ѽ丮..  ȵǴ  ...Żƴ    ̴°͵ غҰ"
"8","15 ȭ ϱ⿣ ü  ʹ  ʳ ;"
"6","ȹ ƹ ¥  ̵ Ұ,   ־  ƮŸ ǵ帮    ų  ׷ٰ ̵ õ   ñâ Ĺ ..  Ҵ ο ..."
"10",""" 300 300 200 200   Ѵ޿ õε ˶ ̳   ֹ ׷ϱ ""  鼭  ڽ "
"10","ĭ  ϴٴ   ǰ"
"10","ڲڲ  ȭ     "
"4","  15 Ѱ.. ̶  ΰ  ôص Ǵ°.. ѱ ʹ ټ ..   Ƹߴ.. ׷ ȭ.."
"6","ȭ 󸶸   ϰ  ĳͰ ֱ ε  ȭ   ϴ."
"9","ö Ͻ+߾   +    +   +  "
"4","ڰ ƴ ѱԴ   淡 .. ѱö Ÿ ܱε ůů뺼.. ö ֿϴµ   ó,,      "
"10","̰   8 ְ° ˰ ȴ"
"10"," ֿ, ī ǰױ忡 ڸ    ־ٴ..."
"10",""
"1"," Ͽ.丮 Ưϳ  ..."
"4"," ʾҴٸ.. ׷ ȭ.. ѱ Ư   ȭ ؼ  ȭ.."
"2","15  "
"1","ϰ?гڰ Ǹ̿?"
"1","뷱 ߱  0 ְ ͽϴ. 7.5 ǰڽϴ."
"10","ȭ  ȭ ư ϴٴ  "
"2"," ȭ ð  б 巴  ȭ...  ŵ  ̾!!"
"1","Ī ùε  ȭ. Ȳ   γ ."
"5","ξ ǹΰű ߴĵ 8и  ǵ  ԰  ΰ   ǹ  Ŵ ʹ Ư  ̺°Ŵ  ~~"
"10","ٵ Ǹ   Ⱑ .鼭     ȭ"
"1","  ... Ʈ  ȭ"
"5","ۺ ߴ ȭ. ڵ  鼭  4 ϴ°Ŷ ڽ°ͻ.     ܵ ׵ Ѱ ٸ ظ ִ ӱݿ  .  ̽ô ..."
"2"," ȭ   ٶ󺸴 ü ϰ ϴ"
"2","̰Կȭ.ǻƸԴ ."
"8"," κΰ ϴ  ִµ      κΰ 踦  Ȳ ۰ȣ Ƶ  ̺ ؿ Ҹ   ׼Ҹ  ־ϰ ڽ ȷ    ..."
"2","   ɻ   ʴ"
"10","ٵ ֳİ ̰ ̶ ܾʹ ︮ ʴ ȭԴϴ."
"10","   ȭ"
"4","б 4г η; ڶ. θ ȥ 7 Ƶð Ͽ Ҿ. ׷ Ͽ Ҵٰ ؼ ϰ ʾҴ.  ݵ  ַ..׷  ..."
"1","ٵ ۰ȣ     ø? ̼  ʹ ҽϰ Ÿ.."
"2","е. ̿ȭ  . ׷ȭ."
"1","ȭ """"   ѽϴ."
"1","̾...ٸ  ϰ  ȭ..ڱ ̻ Ⱑ ʳ...  ʿմϴ...Ӹ  ġ°...ߵ ٴ.."
"6","ȭ 븦 ϴ  "
"3","¥ Ƽ û Ѹ  û   ÷ .. 丮  ̾. ڹ̵.. ̷ ηϴ» ְ  Ⱦ..  ƴ»ν  Ѱ ..  ..."
"5","ȭ       ȭ Ȳ ޾Ҵٰ? ̺   ȭ  ǰ? ;. , Ӵ, Ӵ ΰ  Դµ, ȭ    ȭ   Ӵ  в ˼..."
"1","޼ ϰ;  Ҹ."
"2","и    ȭ մϴ.   ̷ ԰   и  ̴ϱ. ٸ Ȳ 󶧹   ;      ϰ   ʹ..."
"5","     ѱ  ó Ī ٰ,  ٽ . Ҽ  ؼ.  ȭ ϰ  ?  ̴? ĭ  ȭ   ?   ..."
"1"," ոȭ ϴµϳ"
"4","19ؾѴ..  ׸ ģ ȸ ð.. ƽ      ΰ Ҽ   ġ ϸ? ڰ ڶ  ߸ ð  ƽ"
"4","    ش.   ݼ ˰ ִµ, ׷⿡  ̵ Ծ  ϰ  ִ ȭ .     ߹ĵ   ٴ  ޼..."
"1"," ȭ ޾Ҵٴ°ſ "
"2","    ȣ, ǰ."
"2","ȭ    ʹ  ҰͰ.. ȴ° ȴ° ƴ . ź  ߷ Ͱ ..ʹ ȥϴ  Ⱥ ϴ Ĥ̤̤̤"
"2","Ȳ̶ Ǿƴϴ.   ϰ  ȣ ȭ    . Ĺݿ ڱ ʹ Ȥ ٲ,  ۰ȣ ൿ ʹ̴. ..."
"6"," õ  ߰ ¡ ο ű⿡   ʳ׿. ΰ , Ư    ǿ   ȭ. α Ǵ  ô뿡    ߰ſ. ݼ..."
"10"," ġ ִ μ ߰  ذ    ȭ. ׷ ÿ ְ ϰ ϴ,   ȭ.  ĳ͸  ִ° Ұ ġ  ʾƼ. Ȳ  ..."
"5","  ׷,   ׸ ߴ. ΰ  ƴ ̷  ưٴ  5ش."
"6","Ϸ Ե Դϴ.  ȫ  ,       Ÿ  귯 귯      ￡ ׿."
"1","  ߰ ̾."
"1","մٰ ؼ ôµ ȭ  ڰ ȭ Ʊϴ. ϿѰ ϴ ε ̰ ̻ϰ ȭ ߽ϴ. ׸  15̻ΰ  鵵 ־. ϴ."
"2"," 2  ̾  ȭ."
"5"," ׳ ˶̳ "
"2","  ޾Ҵ 𸣰ڳ׿.."
"1","ڵ  ,ȭٰ ߰ ;,ҵ  Ͽ ҵ ϸ鼭 ҵε ᱹ ƹ͵  ɸ ִٰ   ȭ, Ѹ ѿȭ."
"1","ϰ  ۿȭ  ƾ Ф"
"2","  ߾ "
"1","׷ ׷"
"1"," .  Ʈ 2  Ϸ ε   . ɰ."
"1"," ״ ó׿ մϴ"
"2","ƹ ĭȭ̶  ȭ ũ ϴٽ ߳׿ ٸ ȭ   ñ ġ ϴ ̷  ̷   ƴ϶ Դϴ"
"1","־ ѻ  ԰ °  մ° ??"
"6",", , , , μ  ϴµ 15?... ⿡  ׷....  ٰ г .   ȴٰص ׷ ° ... ³ ϰ ..."
"1","ٳ... .. ðФ. Ժ ˶򺸴 ġ. ϰϴ°͸ ְ   . ׸ ׸ϰ ϴ°͵ ȵ.  ҷŰ .  ظ ."
"2","ϰ Ը .. Ƽ ôµ,  ó ..."
"1","...0??? ξ~~~"
"1","   ǳڻ  氰 ʹ 丮"
"10","ȭ   ̿ȭ ѹ  ʹٴ  "
"4"," 鼭 ϰ  ȭ ־.  ־ ƴ  ų Ÿӿ  ̶    ׷    丮 .  Ȳ  /  극ũ ̷а..."
"1","  ߴ ſ ǽ  ſ   ȭ. ȭ   μ  ڸ    ߽ϴ. ȸ    Ǹ Ƹ԰   ȭϴ    ϴ."
"1","˶  õմϴ"
"1","д  ѿȭ"
"1","ġ ش  ϴ. ΰ  ϰ ְϿ ǥ κ ټ Ÿϴ. ü ǰ  Դϴٸ  κ ƽϴ."
"4"," ȭ ġ  ȣ޴ . ȸǽĵ ϰ,  ̰ ƹ å ʴ ⼺ Ѱǰ?"
"1","¥..  ߰ ʿ 鳪.. ¥ ٰŸ ..  ϳ Ҽ ΰ װ ϳ..  .. ̶ Ϸ.. "
"10","Ѵѹ Ȱ ؼ þ ֱٺ ȭ ܿ ְ ߿ ѹ ߰ڽϴ  ￡  ƿȣ  ϵ帳ϴ"
"1","߰ 䳪  ^^"
"1","̳   ȴٴ°   ..."
"2","ȣ ϻΰ űϳ!"
"1",".. ȭ."
"1","Ȳ? ʻ̰. ױ̲ ۸̳ ּ"
"4","ū޾ ѱμ  ȭ ټ ϰ 谨 ִ κе ҽϴ"
"1","Ѵ ι ̻ ȭµ... ׳  .    ִ     ȭ. ̻ϰ   ȭ ."
"1","ġ ۰ȣ   ε ȭ  .  ڱ⿡ ش       ̴ α  ƹ ݼ ̵   ۰ȣ  Ѵٰų εϴ  ..."
"1","κ κ ̴ ... Ǽ   ϱ  밡 ʹ Ŀ Ÿ ȭ   Ǿ.  е  ʹ    ö ǹ̷   帳ϴ."
"1","ȭ1ð Ƽ󸶺ٸ̰Կؿܿǰϰ޾ҴؾȰ.׷̴̳ٽ̾.ϳβѻΰ ʿѼľȳ־Ǵµ ̼ǿ..."
